City,CO2e (lb/MWh),CO2e (lb/kWh),CO2e (kg/kWh)
San Antonio,913.4,0.913400,0.414311
Seattle,299.1,0.299100,0.135669
Milwaukee,1233,1.233,0.559278936